specie,codon,lasso_coef
fish,AAA,-0.04752469310636283
fish,AAC,0.011418232760517738
fish,AAG,0.009750756610588801
fish,AAT,-0.025621719220290412
fish,ACA,-0.006105570004418908
fish,ACC,0.028276690053194387
fish,ACG,-0.014227972013866573
fish,ACT,-0.029808551099453552
fish,AGA,-0.032056403552895005
fish,AGC,-0.026341926623301322
fish,AGG,-0.0396586607152115
fish,AGT,-0.03371529212410869
fish,ATA,-0.016786125022014074
fish,ATC,0.025058704976831436
fish,ATG,-0.00407112440697173
fish,ATT,-0.0024012113706344505
fish,CAA,-0.031565214088450505
fish,CAC,-0.0410395338767287
fish,CAG,0.01537453277449351
fish,CAT,-0.02443374774012717
fish,CCA,0.009975953305439446
fish,CCC,0.0218804945695757
fish,CCG,-0.0036445448312285664
fish,CCT,0.021407637353649492
fish,CGA,-0.0036456828292909917
fish,CGC,-0.008366689580547742
fish,CGG,-0.05509800340199186
fish,CGT,0.005410917061019691
fish,CTA,-0.02297508004551895
fish,CTC,-0.0039010631591185696
fish,CTG,-0.0010503703552486156
fish,CTT,-0.019912254107906525
fish,GAA,-0.016365486195005222
fish,GAC,0.04285150633974825
fish,GAG,0.0016111877493578657
fish,GAT,0.029126660865492895
fish,GCA,0.02748707737692125
fish,GCC,0.04373410205174261
fish,GCG,-0.023156248953395565
fish,GCT,0.01650289665717121
fish,GGA,0.030231065309885514
fish,GGC,0.026684774943656935
fish,GGG,0.0012544525000913812
fish,GGT,0.015549461746543817
fish,GTA,0.0024485076327480674
fish,GTC,0.006456987751747346
fish,GTG,6.923427998190663e-4
fish,GTT,-0.009459446811155731
fish,TAA,0.025527828434958735
fish,TAC,0.01098318798783809
fish,TAG,0.025246467785725188
fish,TAT,-0.012720448202534557
fish,TCA,-0.018066283458997568
fish,TCC,0.0023246919572184233
fish,TCG,-0.0302425208867299
fish,TCT,-0.004873429764271027
fish,TGA,0.009737749439924661
fish,TGC,-0.0564584133933104
fish,TGG,-0.023969657316672426
fish,TGT,-0.02708308565105827
fish,TTA,-0.04847344835666582
fish,TTC,0.005281117615194169
fish,TTG,-0.030609823069649808
fish,TTT,-0.00795570336610213
human,AAA,-0.056506902839834186
human,AAC,-0.010673983494625078
human,AAG,0.044978091663896456
human,AAT,0.004208128108481038
human,ACA,0.002390947804738674
human,ACC,0.01605664132910667
human,ACG,-0.005693797693317164
human,ACT,-0.037755516951533716
human,AGA,-0.016257008102171865
human,AGC,-0.03739704406103717
human,AGG,-0.03747002053968222
human,AGT,-0.05071432559321969
human,ATA,0.002666689710720713
human,ATC,0.03589541864342689
human,ATG,0.033092327577375645
human,ATT,0.02799451437741589
human,CAA,-0.02162020648333919
human,CAC,-0.08404839471957477
human,CAG,-0.01814201983124185
human,CAT,-0.07312860776138012
human,CCA,-0.007219971543008437
human,CCC,-0.01965846363335737
human,CCG,-0.02379008378528708
human,CCT,-0.003641034673623907
human,CGA,-0.011073898444921475
human,CGC,-0.02291846993272569
human,CGG,-0.02172183658464392
human,CGT,0.016286630924438845
human,CTA,-0.01124098148835175
human,CTC,-0.005839562700368938
human,CTG,0.03857810797767907
human,CTT,-0.004637176777719782
human,GAA,0.00854205886357492
human,GAC,0.01618099093175069
human,GAG,0.015310685524718535
human,GAT,0.05947710913058387
human,GCA,0.021463550451166415
human,GCC,0.011753868979731024
human,GCG,0.007273483020624879
human,GCT,0.039526405447072324
human,GGA,0.05630546251374386
human,GGC,0.004083479234754055
human,GGG,-0.008634788714947461
human,GGT,0.02138187092469244
human,GTA,-0.004972309551275489
human,GTC,0.029628019191862247
human,GTG,0.014714884666899268
human,GTT,0.02085349241466091
human,TAA,0.06634250640459576
human,TAC,0.012666020052992093
human,TAG,0.03776359368132903
human,TAT,0.004018203086582647
human,TCA,-0.029780101814835164
human,TCC,-0.017879801114270247
human,TCG,-0.03034156949658871
human,TCT,-0.018578342182028296
human,TGA,0.04822480564170483
human,TGC,-0.017078328806967857
human,TGG,0.04529943637301114
human,TGT,-0.08651501409006508
human,TTA,-0.04156708115525127
human,TTC,0.002116708997052565
human,TTG,-0.013266675904025759
human,TTT,-0.007368044087528293
mouse,AAA,-0.01737728126399441
mouse,AAC,0.02300925956054577
mouse,AAG,0.05321726605893086
mouse,AAT,0.005929178537506076
mouse,ACA,-0.007861765335842819
mouse,ACC,0.00965401652894584
mouse,ACG,-0.0398694819480182
mouse,ACT,-0.03092177966211549
mouse,AGA,-0.031187358376940384
mouse,AGC,-0.07620758327257983
mouse,AGG,-0.02010127785686259
mouse,AGT,-0.05791510676850161
mouse,ATA,-0.007979379058784373
mouse,ATC,0.06300868401877158
mouse,ATG,0.044116006014040934
mouse,ATT,0.040411718647475836
mouse,CAA,-0.017896919189727228
mouse,CAC,-0.0770753887674041
mouse,CAG,-0.035891251669151074
mouse,CAT,-0.04532195763025563
mouse,CCA,-0.028077731514656496
mouse,CCC,-0.017135889224339933
mouse,CCG,-0.031928606722087145
mouse,CCT,-0.024877500667430375
mouse,CGA,0.0022849313825555064
mouse,CGC,-0.016655037274552902
mouse,CGG,-0.03403991553322417
mouse,CGT,0.03219807165754733
mouse,CTA,-0.0032014655283488054
mouse,CTC,-0.025697313402756394
mouse,CTG,0.021458708929839053
mouse,CTT,-0.01923572396464097
mouse,GAA,0.014151558940501031
mouse,GAC,-0.00877975439045318
mouse,GAG,-0.010296235754610597
mouse,GAT,0.06954085943940934
mouse,GCA,2.633341371295872e-4
mouse,GCC,0.03212660678336438
mouse,GCG,-0.006571304108322977
mouse,GCT,0.044550819591438105
mouse,GGA,0.04621086802676972
mouse,GGC,0.008764501506846684
mouse,GGG,0.009825300835576551
mouse,GGT,0.025329554219058734
mouse,GTA,0.006948745483469879
mouse,GTC,0.012014027389554293
mouse,GTG,0.008541237214915055
mouse,GTT,0.03267961320747831
mouse,TAA,0.147755929336245
mouse,TAC,0.01955516542504833
mouse,TAG,0.11631805336782955
mouse,TAT,0.022584933483288435
mouse,TCA,-0.04474926467061051
mouse,TCC,-0.01774963349984435
mouse,TCG,-0.04922799362450359
mouse,TCT,-0.017015879635083615
mouse,TGA,0.131574393116356
mouse,TGC,-0.006050727740024254
mouse,TGG,0.005772877886642386
mouse,TGT,-0.04145756363638328
mouse,TTA,-0.06283620099853975
mouse,TTC,-7.927233066395977e-4
mouse,TTG,-0.020207114283896373
mouse,TTT,0.006466825724180683
xenopus,AAA,0.006391832294093638
xenopus,AAC,-0.0027143728562517492
xenopus,AAG,0.03719065191004794
xenopus,AAT,-0.004621635286356911
xenopus,ACA,-0.009530947384682137
xenopus,ACC,0.0050036350907122
xenopus,ACG,-0.011491213911168674
xenopus,ACT,0.007626417571708544
xenopus,AGA,-0.00556253758551192
xenopus,AGC,-0.04139041095610579
xenopus,AGG,-0.010117096267475619
xenopus,AGT,-0.010487636825010676
xenopus,ATA,-0.02113171063048244
xenopus,ATC,0.011840932238686564
xenopus,ATG,-0.0010311140881238872
xenopus,ATT,-0.004270201689284242
xenopus,CAA,-0.020765770483414017
xenopus,CAC,-0.006685711931088536
xenopus,CAG,0.0021657174178767616
xenopus,CAT,-0.01046816994412359
xenopus,CCA,0.01738833707473788
xenopus,CCC,7.684415537020376e-6
xenopus,CCG,-0.009089440232844742
xenopus,CCT,0.006608491517536852
xenopus,CGA,-0.002558970558279424
xenopus,CGC,0.011651426211944517
xenopus,CGG,-0.009894727966525078
xenopus,CGT,0.019145624898648662
xenopus,CTA,-0.009407071020164795
xenopus,CTC,0.0029377905284072316
xenopus,CTG,0.0011405005388660703
xenopus,CTT,0.009086830377530688
xenopus,GAA,0.015411958324832166
xenopus,GAC,-0.009410839368971772
xenopus,GAG,0.016344913956355685
xenopus,GAT,0.020387880726549443
xenopus,GCA,0.005750312013718475
xenopus,GCC,0.002893814345549154
xenopus,GCG,-0.005665976908414307
xenopus,GCT,0.028644384083667786
xenopus,GGA,0.005452549468701906
xenopus,GGC,0.014035291660051399
xenopus,GGG,0.003223257308725654
xenopus,GGT,0.010094588840031582
xenopus,GTA,0.019223618500645787
xenopus,GTC,-0.007272203894662275
xenopus,GTG,-0.019319313492103116
xenopus,GTT,0.005551088594658999
xenopus,TAA,0.00919794650916371
xenopus,TAC,-0.007745463556998892
xenopus,TAG,5.609918832059735e-4
xenopus,TAT,-0.005222920419354291
xenopus,TCA,-0.007839797863489019
xenopus,TCC,0.006027262824311033
xenopus,TCG,-0.008036541842356438
xenopus,TCT,-0.006579001552107996
xenopus,TGA,-0.009822820823450812
xenopus,TGC,-0.03351056818027828
xenopus,TGG,-0.007286207697987271
xenopus,TGT,-0.0176597150918677
xenopus,TTA,-0.0027071341974832606
xenopus,TTC,-0.019274216977930476
xenopus,TTG,-0.009076482833972515
xenopus,TTT,-0.013341375911132446
